State,"2017 Median
income","2017 Standard
error","2016 Median
income","2016 Standard
error","2015 Median
income","2015 Standard
error","2014 Median
income","2014 Standard
error","2013 (39) Median
income","2013 (39) Standard
error","2013 (38) Median
income","2013 (38) Standard
error","2012 Median
income","2012 Standard
error","2011 Median
income","2011 Standard
error","2010 (37) Median
income","2010 (37) Standard
error","2009 (36) Median
income","2009 (36) Standard
error","2008 Median
income","2008 Standard
error","2007 Median
income","2007 Standard
error","2006 Median
income","2006 Standard
error","2005 Median
income","2005 Standard
error","2004(revised) Median
income","2004(revised) Standard
error","2003 Median
income","2003 Standard
error","2002 Median
income","2002 Standard
error","2001 Median
income","2001 Standard
error","2000 (30) Median
income","2000 (30) Standard
error","1999 (29) Median
income","1999 (29) Standard
error","1998 Median
income","1998 Standard
error","1997 Median
income","1997 Standard
error","1996 Median
income","1996 Standard
error","1995 (25) Median
income","1995 (25) Standard
error","1994 (24) Median
income","1994 (24) Standard
error","1993 (23) Median
income","1993 (23) Standard
error","1992 (22) Median
income","1992 (22) Standard
error","1991 Median
income","1991 Standard
error","1990 Median
income","1990 Standard
error","1989 Median
income","1989 Standard
error","1988 Median
income","1988 Standard
error","1987 (21) Median
income","1987 (21) Standard
error","1986 Median
income","1986 Standard
error","1985 (20) Median
income","1985 (20) Standard
error","1984 (19) Median
income","1984 (19) Standard
error"
United States,"61,372",335,"60,309",445,"58,476",332,"55,613",406,"56,479",689,"54,744",291,"54,569",224,"54,673",274,"55,520",366,"57,010",244,"57,412",156,"59,534",166,"58,746",252,"58,291",195,"57,674",255,"57,875",251,"57,947",190,"58,609",179,"59,938",188,"60,062",280,"58,612",347,"56,533",261,"55,394",279,"54,600",316,"52,942",241,"52,334",245,"52,615",249,"53,025",253,"54,621",279,"55,329",304,"54,390",278,"53,945",263,"53,309",276,"51,455",279,"50,511",230
Alabama,"51,113",845,"48,237","2,350","46,053","3,538","43,820","1,585","49,876","5,809","43,616","2,440","46,490","2,705","46,520","2,208","46,120","2,700","45,789","1,035","50,761","1,893","50,028","1,683","46,255","1,236","46,745","1,529","47,651","1,695","49,774","2,111","51,380","1,451","48,800","1,396","50,566","1,530","53,502","1,755","54,664","1,970","48,794","2,455","47,294","1,963","41,646","2,029","44,626","2,558","42,017","1,823","44,323","1,817","42,852","1,880","42,607","1,892","40,740","2,048","39,852","1,822","40,848","2,374","40,965","1,895","39,941","1,656","39,007","1,363"
Alaska,"72,231","2,719","77,351","4,174","77,717","3,606","70,095","3,268","76,387","5,740","64,439","3,479","68,080","3,037","62,731","4,052","65,178","2,693","70,555","2,005","73,032","2,627","74,657","1,876","68,761","1,822","70,326","1,675","71,632","2,694","69,257","1,311","72,110","1,466","79,616","2,793","75,436","1,654","75,854","3,285","76,408","3,202","73,321","1,922","82,374","2,976","76,837","3,217","74,443","2,452","71,917","2,752","71,791","1,985","71,482","3,207","71,686","2,968","68,919","2,638","66,133","2,363","68,791","3,099","67,138","2,178","75,777","2,373","72,912","3,319"
Arizona,"61,125","2,642","58,328","2,013","54,060","2,078","51,050","2,388","55,453","4,601","53,335","5,092","50,320","3,125","53,108","2,648","52,839","2,509","52,385","1,421","53,544","1,284","55,957","1,843","56,864","1,519","56,931","1,599","57,039","1,487","55,000","1,900","54,292","1,370","59,270","2,000","56,788","1,727","54,600","1,672","55,906","1,892","50,018","1,981","49,377","1,988","49,452","2,179","51,349","1,268","51,110","1,876","50,420","1,869","54,101","1,579","53,309","2,081","54,651","2,316","52,811","1,684","55,369","1,846","54,600","1,537","52,019","1,621","48,280","1,372"
Arkansas,"48,829","2,642","46,894","2,212","44,282","1,627","46,560","2,639","41,503","2,532","42,075","2,518","41,735","3,008","45,114","2,020","43,477","2,776","41,847","1,041","45,180","1,363","48,349","1,598","45,164",935,"46,126","1,647","45,511","1,293","42,756","1,037","44,253","1,063","46,272","1,588","42,391","1,102","43,807","1,514","41,700","1,748","39,968","1,763","42,332","1,526","41,362","1,601","41,950","1,549","38,594","1,419","41,015","2,401","41,248","1,378","41,565","1,789","41,025","1,751","40,299","1,410","38,971","2,087","40,104","1,638","38,019","1,664","35,320","1,686"
California,"69,759","1,452","68,070","1,098","65,843","1,770","62,693",927,"64,078","1,909","60,635","1,289","60,990","1,324","58,292","1,505","61,162","1,332","64,291",709,"65,071",946,"66,054",732,"67,421",847,"65,122",579,"64,033",859,"65,867","1,094","64,817","1,047","65,596","1,009","66,827",979,"64,391","1,038","61,700",870,"60,641","1,320","60,576","1,277","59,300","1,158","57,975","1,016","57,078","1,091","59,943","1,080","59,253","1,206","60,726","1,031","63,183","1,183","60,507","1,267","62,401","1,114","62,115","1,220","58,782",763,"56,983",820
Colorado,"74,172","2,982","72,084","4,214","68,906","3,810","63,162","2,502","71,580","4,352","66,794","2,951","61,242","2,897","64,040","2,789","67,866","2,795","64,057","1,827","69,556","2,166","72,462","1,202","67,882","1,857","63,479","1,619","66,198","2,068","66,722","1,547","65,988","2,000","68,559","1,652","68,860","1,766","71,103","2,189","70,239","1,637","66,048","2,970","63,912","2,074","65,224","2,487","62,081","2,373","57,773","2,628","55,788","2,526","55,442","2,191","56,062","1,653","51,309","2,676","52,370","2,567","54,804","2,225","58,222","1,983","61,398","1,852","58,141","1,814"
Connecticut,"72,780","3,509","77,556","3,477","75,417","4,603","72,719","2,762","73,034","3,413","71,442","2,685","68,720","3,052","71,452","3,292","74,361","2,360","74,274","2,643","73,823","3,083","76,017","2,428","76,056","2,635","71,514","2,055","71,680","2,144","73,436","2,086","72,947","1,872","74,042","1,721","71,618","1,937","74,669","3,389","70,102","4,112","67,197","3,039","65,737","4,818","64,482","3,636","67,436","2,617","66,196","2,781","70,141","3,387","74,196","3,422","70,905","3,825","81,007","3,047","72,346","2,583","68,023","2,819","70,061","3,437","67,734","2,460","67,493","2,790"
Delaware,"62,318","3,300","59,294","3,056","59,759","3,510","59,619","3,078","57,013","4,585","55,040","2,620","52,382","2,114","59,704","1,906","62,211","2,541","59,686","2,040","57,867","1,584","64,697","2,559","63,910","2,108","64,468","1,354","62,507","1,849","65,492","1,841","67,841","2,302","68,844","2,037","71,893","2,153","68,817","3,366","62,490","2,642","65,742","3,150","61,351","2,188","55,965","2,961","58,864","1,954","60,413","1,422","61,274","2,392","57,353","1,955","56,191","2,030","61,381","2,169","60,942","2,331","60,534","1,811","54,869","2,595","50,065","2,976","58,181","2,314"
D.C.,"83,382","3,319","72,508","2,793","72,501","2,960","70,767","4,563","63,301","5,828","63,952","3,248","69,789","3,927","60,350","2,304","64,142","3,755","60,863","2,391","63,446","2,012","60,186","1,300","59,082","2,046","56,614","2,727","56,525","2,425","60,181","1,895","53,385","1,360","57,140","1,420","58,842","1,530","57,072","2,360","50,394","1,976","48,673","1,503","49,891","2,463","49,268","1,894","49,418","1,816","45,739","2,891","51,947","1,930","52,601","3,350","49,967","2,849","51,206","1,943","53,423","1,494","56,831","2,660","52,077","2,681","45,917","1,647","45,988","1,938"
Florida,"53,681","1,816","52,277",853,"50,518","1,443","47,822",985,"51,153","2,967","50,473","1,658","49,279","1,187","49,267","1,243","49,650","1,740","52,261",809,"51,196",979,"54,273",676,"55,669",767,"54,093","1,019","52,732",822,"52,068","1,014","51,956","1,131","50,550",579,"55,465","1,061","52,882",925,"52,619","1,156","49,582",891,"47,823",801,"47,661",981,"48,069","1,037","47,826","1,184","46,970",903,"47,967",836,"48,678",828,"49,929",909,"50,756",949,"50,691",985,"48,923","1,156","46,499",952,"44,584","1,055"
Georgia,"57,016","2,434","54,678","1,715","52,529","1,450","51,362","2,082","49,530","4,465","50,001","2,065","51,472","1,609","50,216","2,712","49,707","2,053","49,638","1,439","52,760","1,328","57,647","1,278","60,139","1,475","57,788","1,054","53,316",804,"56,699","1,308","58,671","1,513","59,092","1,489","59,811","1,186","58,187","2,000","58,280","1,777","56,011","1,399","50,718","2,600","54,637","1,437","51,634","2,031","53,041","2,101","49,456","2,109","47,896","1,915","50,275","2,163","52,718","1,954","53,073","1,790","55,297","2,857","52,180","2,381","45,858","1,717","45,033","1,837"
Hawaii,"73,575","2,227","73,684","2,564","66,751","2,938","73,820","2,774","67,705","4,130","64,725","2,326","60,181","2,412","64,496","2,765","67,084","3,077","63,735","2,317","70,215","1,690","75,876","2,518","73,699","1,915","74,976","1,525","73,165","2,199","69,253","1,780","64,634","1,873","65,842","1,743","73,579","1,703","65,683","2,704","61,539","3,571","62,536","2,137","65,195","2,954","68,661","2,070","69,337","3,976","71,466","2,947","72,325","2,464","65,557","2,869","70,998","2,579","67,061","2,542","65,975","2,961","72,494","2,223","62,100","2,582","63,095","3,150","65,072","2,740"
Idaho,"60,208","2,400","57,780","1,288","53,414","1,304","55,387","2,666","51,085","5,780","54,563","3,853","51,259","3,394","51,839","3,810","53,012","2,106","53,575","1,448","54,121","1,919","58,291","1,530","56,323","1,599","55,586","1,578","57,705","1,804","56,611","1,312","51,533","1,532","53,076","1,341","53,688","1,702","52,836","2,085","55,288","1,643","51,032","2,046","54,172","2,093","52,357","1,788","51,748","2,097","51,947","2,216","47,579","1,501","45,967","1,811","46,160","1,779","47,190","1,824","46,848","2,006","42,962","1,726","44,427","1,456","45,231","1,303","47,529","2,170"
Illinois,"64,609","1,999","62,706","1,799","62,508","2,068","56,918","1,684","56,850","3,465","60,285","1,838","55,340","1,420","55,310","1,501","57,156","1,661","60,552","1,078","60,780","1,512","62,228","1,126","59,319","1,422","60,898","1,241","59,942","1,071","60,327","1,432","58,358","1,170","64,082","1,220","65,754","1,379","68,377","1,517","65,082","1,860","63,069","1,195","61,734","1,728","61,001","1,402","57,565","1,311","55,041","1,357","54,186","1,291","56,120","1,257","59,362","1,321","59,911","1,192","58,983","1,506","56,063","1,109","56,764","1,357","54,183","1,139","53,524","1,278"
Indiana,"58,873","2,026","57,300","2,939","53,786","1,740","49,812","2,014","52,126","4,751","53,284","3,394","49,372","1,911","48,547","2,522","51,986","2,899","50,743","1,243","53,094","1,352","56,239","1,487","55,341","1,506","53,398","1,384","55,066","1,497","56,682","1,281","56,086","1,022","56,043","1,316","58,332",969,"60,272","2,537","59,887","2,395","59,411","1,807","54,855","2,026","53,493","2,314","45,712","1,693","49,376","2,280","48,998","2,258","47,680","1,623","49,121","2,005","49,571","1,956","52,528","1,860","46,613","1,954","48,664","1,518","49,401","1,364","51,311","1,600"
Iowa,"63,481","5,512","60,365","2,537","62,965","3,389","59,918","3,550","63,405","6,465","57,818","2,073","57,163","2,287","54,853","2,156","55,227","1,512","58,091","1,758","57,228","1,476","57,964","1,720","58,655","1,817","58,510","1,685","56,447","1,979","55,291","1,181","56,089","1,574","56,872","1,573","58,512","1,158","60,656","1,668","55,799","1,812","51,611","1,959","51,831","2,383","56,912","1,509","54,280","2,100","48,016","2,077","49,364","1,669","50,257","1,781","49,778","1,799","50,274","1,516","48,556","2,154","45,932","1,888","48,088","1,606","45,592","1,316","44,760","1,679"
Kansas,"57,872","2,898","58,032","3,338","56,768","3,860","55,393","2,967","50,403","4,739","54,266","1,579","53,485","1,938","50,406","2,130","51,890","2,046","51,215","2,048","54,643","1,609","57,477","2,139","55,517","1,526","52,882","1,239","53,423","2,275","59,096","1,772","58,234","1,431","57,481","1,548","58,609","1,667","55,121","3,067","55,335","2,437","55,717","2,466","50,857","2,279","48,616","1,476","46,474","1,746","49,870","1,916","52,117","1,953","51,563","1,644","54,573","2,151","51,417","1,738","51,075","2,303","52,956","1,863","51,229","1,674","49,647","2,251","55,500","2,055"
Kentucky,"51,348","1,364","46,345","2,048","43,857","2,348","44,346","1,638","47,303","4,136","44,435","1,975","43,947","2,032","43,534","2,017","46,313","3,181","48,863","1,504","46,963",927,"46,757","1,435","48,123","1,281","46,178","1,130","46,325","1,584","49,348","1,145","50,231","1,194","53,348","1,400","51,766","1,210","49,793","2,190","54,643","2,278","51,105","2,534","50,588","2,246","47,765","1,841","43,640","1,687","40,834","1,828","40,333","2,162","41,827","1,841","45,203","2,213","44,566","2,308","39,770","1,600","42,792","1,944","42,553","2,154","37,823","1,630","39,841","2,431"
Louisiana,"43,903","1,453","43,103","1,223","47,515","2,214","43,952","1,930","48,933","2,680","41,762","3,011","41,806","1,723","44,410","2,107","44,280","3,660","52,035","2,076","45,154","1,696","48,963","1,110","44,471","1,737","46,853","1,632","47,391","1,617","44,767","1,474","46,468","1,719","46,249","1,659","43,848","1,182","48,193","1,836","47,834","2,502","50,812","2,369","47,231","2,013","44,783","1,747","42,132","2,463","44,077","1,950","43,689","1,961","44,529","2,035","40,870","2,882","43,758","3,554","40,949","2,945","44,191","1,776","44,729","2,047","46,141","1,586","42,700","1,983"
Maine,"51,664","2,146","51,950","3,418","52,516","1,996","53,595","2,250","57,925","4,072","52,828","2,058","52,581","2,403","54,279","2,166","54,005","1,901","54,404","1,992","53,902","1,639","56,762","1,657","55,627","2,190","55,267","1,803","53,765","1,591","49,585","1,263","50,356","1,156","50,815","1,321","53,195","1,218","57,356","1,947","53,720","1,581","50,066","1,988","54,152","1,890","54,251","1,743","49,746","2,522","45,963","2,015","50,865","1,762","49,051","2,205","50,099","2,868","54,018","2,659","52,746","1,882","48,851","2,109","50,155","2,077","44,703","1,749","46,529","1,992"
Maryland,"81,084","3,652","75,346","2,647","76,146","2,785","78,942","4,428","73,099","3,130","68,787","4,623","76,838","1,980","75,232","2,321","72,336","2,588","73,513","1,917","72,715","2,019","77,782","1,969","77,597","1,951","76,141","1,858","74,285","2,201","69,894","1,634","77,074","2,093","74,296","2,293","77,846","1,998","77,048","3,272","75,389","3,257","71,322","2,255","68,662","4,003","65,760","2,607","64,320","2,297","66,905","2,148","63,893","2,793","65,040","2,494","70,881","2,911","68,938","2,272","73,023","2,389","72,386","2,873","65,528","2,218","65,655","2,105","66,945","2,594"
Massachusetts,"73,227","3,328","73,820","2,974","70,214","2,887","65,454","2,759","65,906","5,589","66,364","3,643","68,088","4,036","69,156","3,524","68,655","2,471","68,000","2,003","68,845","1,911","69,288","2,644","67,435","2,534","70,485","2,207","67,672","2,169","68,078","1,273","68,121","1,575","72,523","2,107","66,737","1,937","64,946","2,986","63,827","2,956","64,199","2,113","61,640","3,015","61,807","2,363","66,457","1,739","62,089","1,590","62,443","1,267","62,861","1,390","66,120","1,510","69,072","1,348","66,352","1,676","66,737","1,482","64,961","1,574","61,453","1,765","60,750","1,562"
Michigan,"57,700","2,337","58,319","1,949","56,083","2,075","53,901","1,243","59,622","1,673","51,437","2,349","53,498","1,620","53,390","2,014","52,140","1,957","52,677","1,149","56,824","1,317","58,511",946,"59,290","1,177","57,796","1,151","54,971","1,116","60,152","1,269","58,365","1,524","62,522","1,205","64,966","1,563","68,022","1,514","63,037","1,382","59,187","1,693","61,220","1,784","58,366","1,593","57,898","1,124","54,715","1,142","55,416","1,307","56,530","1,213","54,610","1,209","58,907","1,512","58,879","1,213","57,342","1,499","56,966","1,387","52,814","1,826","51,750","1,431"
Minnesota,"71,920","2,991","71,728","4,132","71,114","3,169","69,696","3,324","67,798","4,208","64,197","1,943","66,098","1,432","63,156","2,600","58,951","1,810","64,240","1,417","62,687","1,629","68,808","2,238","68,508","1,484","68,218","1,565","72,986","1,392","70,574","1,641","74,635","1,634","73,117","1,574","77,440","2,431","69,422","2,254","72,239","3,188","65,026","2,307","63,976","1,912","60,780","2,961","55,207","2,232","56,423","2,030","53,207","2,227","51,886","2,017","57,397","1,875","57,777","2,446","58,110","2,080","58,128","2,304","56,619","2,462","51,974","2,227","55,065","2,060"
Mississippi,"43,441","2,204","41,983","1,252","41,426","1,108","36,816","1,341","34,085","2,877","43,056","2,260","39,192","1,654","44,882","2,584","42,996","3,189","40,175","1,493","41,597",947,"44,182","1,127","42,332","1,929","41,366","1,626","45,213","1,473","43,726","1,487","42,197","1,047","41,861","1,646","48,960","1,933","47,934","2,078","43,893","1,745","43,538","2,117","41,636","2,054","42,522","1,647","41,679","1,234","37,174","2,059","35,327","1,845","34,278","1,853","36,808","1,463","38,123","1,813","36,292","1,774","38,321","1,865","35,357","1,368","35,758","1,349","34,770","1,650"
Missouri,"56,885","2,611","56,199","1,756","61,249","2,697","58,695","3,140","48,804","4,357","53,029","3,898","53,229","2,184","49,998","2,356","51,623","2,430","55,855","1,827","52,544","1,308","54,523","1,308","54,332","1,709","54,088","1,244","54,816","1,396","58,468","1,169","58,449","1,468","57,376","1,671","64,373","1,694","61,076","1,758","60,595","2,816","55,843","3,147","53,479","2,361","55,800","2,200","49,539","2,366","48,047","2,456","46,990","2,492","49,153","2,491","49,858","2,543","50,718","1,428","46,834","2,174","49,099","2,416","46,945","1,653","47,797","1,325","46,815","1,611"
Montana,"59,087","2,589","58,302","2,942","53,177","3,039","52,965","1,843","45,534","6,267","46,516","3,428","48,227","2,744","43,994","2,224","46,511","2,081","46,313","1,148","48,963","2,013","51,738","2,014","50,098",849,"46,950","1,461","44,173",922,"45,570","1,426","47,598","1,656","44,589","1,023","46,787","1,429","45,808","1,426","47,596","1,708","44,628","1,749","44,768","2,444","44,475","1,771","45,340","2,045","44,342","1,617","45,554","1,250","43,698","1,567","42,640","1,793","45,349","2,509","44,413","1,656","42,380","1,654","43,526","1,604","44,087","1,743","44,023","1,622"
Nebraska,"59,619","2,848","60,651","2,736","62,571","3,039","58,944","2,336","60,735","4,445","56,679","1,913","55,830","2,887","60,748","2,942","59,157","1,984","56,801","1,898","57,897","1,431","58,279","1,634","58,678","1,816","60,300","1,821","56,961","1,733","58,751","1,745","58,476","1,418","60,529","1,549","59,596","1,453","57,007","2,016","54,886","2,335","53,000","2,334","53,087","2,341","52,762","1,851","52,171","1,831","51,944","1,395","51,605","1,839","52,010","1,772","50,131","2,058","50,377","2,911","50,262","1,918","48,164","1,575","46,617","1,743","47,492","1,991","48,217","1,724"
Nevada,"56,550","3,039","56,623","2,183","53,812","2,351","51,694","1,903","54,646","3,350","47,820","2,983","50,629","2,709","51,384","2,915","57,688","2,166","58,908","1,256","62,481","3,034","64,067","1,534","63,720","1,526","60,660","2,114","61,408","1,798","60,368","2,076","61,430","1,586","63,016","1,568","65,317","1,443","61,191","2,603","59,924","1,846","59,358","2,408","60,151","2,521","57,818","2,105","58,861","2,517","59,995","1,806","54,799","1,367","57,973","2,753","58,415","2,151","56,160","1,815","55,904","1,910","55,636","2,335","56,135","1,916","50,706","2,190","58,084","2,294"
New Hampshire,"74,801","3,041","77,900","2,976","78,299","3,641","76,073","3,372","72,831","4,181","75,174","3,437","72,541","2,379","71,960","1,804","75,077","1,860","73,450","2,126","75,528","3,657","80,088","2,188","75,527","1,803","71,702","2,549","73,911","1,722","74,240","1,742","75,590","1,761","71,244",998,"72,694","1,774","67,972","2,881","67,766","2,813","62,633","2,450","61,504","2,706","62,764","2,493","57,834","3,014","63,596","2,714","67,728","3,301","63,421","2,357","74,435","2,395","71,840","2,624","69,173","2,256","66,938","3,001","65,408","1,775","57,523","2,340","58,395","1,656"
New Jersey,"72,997","2,999","69,940","2,929","70,728","3,241","67,622","2,791","67,198","4,705","65,119","3,223","71,336","2,096","68,091","3,307","70,947","2,753","74,189","2,198","74,535","2,622","71,712","1,728","82,948","2,412","79,735","2,840","71,907","1,669","74,879","1,367","74,561","2,193","71,854","1,295","71,950","1,415","73,401","2,074","75,103","2,164","73,363","2,175","74,085","1,899","70,380","2,243","69,378","1,746","67,845","1,652","66,979","1,444","70,491","1,818","70,657","1,576","74,880","1,815","72,494","1,315","70,877","1,644","67,907","1,803","67,494","1,401","62,591","1,803"
New Mexico,"47,855","1,969","49,493","3,025","46,684","2,985","48,388","3,433","42,336","4,646","44,402","2,814","46,448","2,425","45,856","2,353","50,853","3,398","49,869","1,711","48,052","1,576","52,569","1,747","48,785","1,532","49,006","2,139","51,466","2,061","46,902","1,526","48,448","1,450","45,974","1,718","50,093","1,781","48,075","2,577","47,545","2,107","45,963","1,768","39,153","1,703","41,646","1,763","44,149","2,268","44,824","1,429","44,412","2,313","46,714","2,103","45,675","1,912","43,263","1,970","38,549","1,664","42,968","1,285","42,491","1,484","44,494","2,233","46,488","2,319"
New York,"62,447","2,093","62,758","1,435","60,017","2,281","56,290","1,846","52,665","2,389","56,751","1,731","51,000","1,695","55,309","1,099","56,089","1,487","57,513",686,"57,592",778,"58,007","1,088","58,772","1,205","59,361","1,041","58,084","1,030","57,167","1,165","57,342",793,"58,451",833,"58,160",829,"59,019","1,297","56,364","1,171","54,689",969,"55,266","1,164","52,921","1,147","52,343",783,"53,098",931,"53,327",909,"55,961",947,"57,627",932,"60,287",867,"57,766","1,335","54,614",944,"53,583","1,015","51,501","1,139","49,636",940
North Carolina,"50,343","1,760","54,920","1,664","52,559","1,390","48,490","1,772","48,840","3,135","43,434","2,169","44,446","1,384","49,378","1,704","49,384","2,167","47,995",660,"48,997",966,"51,570","1,270","48,503",993,"52,918","1,213","52,346","1,056","49,807","1,257","49,894",978,"52,966","1,320","54,695","1,151","54,982","1,417","54,019","1,540","54,753","1,401","55,564","1,573","51,240","1,423","49,414","1,099","48,279","1,094","47,694","1,058","47,264",898,"48,028","1,014","50,544",990,"48,776","1,071","47,112","1,122","46,808","1,495","46,734","1,275","46,351","1,444"
North Dakota,"59,886","1,676","61,478","2,339","59,406","3,345","62,944","3,252","62,347","3,637","55,745","3,018","59,649","2,271","61,562","3,233","57,469","2,604","57,351","1,991","56,645","1,356","55,946","1,517","50,027","1,712","53,089","1,536","51,021","1,627","53,990","1,138","49,463","1,126","49,678","1,116","51,382","1,520","48,207","2,041","45,677","1,777","48,369","2,079","49,117","1,848","46,610","1,950","46,402","1,830","47,103","1,399","46,300","1,547","45,573","1,640","46,085","1,830","48,291","1,728","48,131","2,016","46,731","1,873","46,052","1,681","46,198","1,763","46,806","2,339"
Ohio,"59,768","1,890","55,146","1,935","55,150","2,025","51,454","1,444","53,489","2,580","48,904","1,461","47,465","1,843","48,768","1,311","51,701","1,682","52,545",717,"53,567",968,"58,190","1,286","55,942",771,"55,620","1,316","56,010","1,271","58,145","1,243","58,323","1,062","57,995",917,"61,326","1,045","58,281","1,460","58,672","2,376","55,203","1,366","53,175","1,659","55,986","1,583","52,271",958,"52,408","1,102","53,934","1,008","52,434","1,336","54,748","1,313","55,549","1,254","55,419","1,271","53,349","1,149","53,775","1,259","54,845","1,229","52,106","1,109"
Oklahoma,"55,006","3,102","52,039","1,688","48,710","2,004","48,920","2,876","48,655","3,628","46,142","4,306","51,778","3,017","52,927","2,616","48,565","2,336","52,544","1,305","52,627","1,063","51,218","1,722","47,335","1,946","47,368","1,823","51,534","1,460","47,967","1,043","49,816",838,"49,423",958,"46,295","1,012","48,236","2,201","50,837","1,857","47,896","1,566","42,822","1,700","42,158","1,410","44,290","1,990","43,990","2,499","43,423","1,846","44,816","1,899","44,480","1,904","45,301","2,366","47,282","1,510","44,899","1,830","44,853","1,865","46,198","1,664","47,656","1,618"
Oregon,"64,610","2,856","60,407","2,678","62,944","2,456","61,022","3,107","51,646","3,043","59,348","2,131","55,380","2,492","56,281","1,755","57,014","1,696","56,232","1,883","59,037","1,568","59,538","1,608","57,393","1,701","55,564","1,750","53,329","1,367","55,630","1,289","57,118","1,168","57,284","1,044","60,665","1,336","59,949","1,848","58,886","2,905","56,903","2,732","55,394","1,988","58,282","1,554","51,616","1,851","55,512","1,943","54,832","3,502","53,138","1,913","53,413","1,762","54,607","2,747","55,435","2,297","51,828","2,260","53,043","2,145","47,699","2,270","48,221","1,679"
Pennsylvania,"63,173","2,753","62,290","2,080","62,483","2,304","57,185","2,349","58,135","3,095","56,866","1,693","55,518","1,503","54,516","1,850","54,436","1,699","55,172","1,073","58,666",672,"57,406","1,105","59,082","1,059","58,258",937,"57,378","1,352","57,361","1,039","58,069","1,086","60,373","1,003","60,204","1,005","55,726","1,684","58,808","1,628","57,315","1,473","54,468","1,520","55,318","1,094","52,617","1,073","51,922","1,163","51,320","1,146","53,449","1,081","52,910","1,255","54,916","1,309","53,425",993,"52,627","1,120","50,975","1,060","49,841","1,172","45,848","1,124"
Rhode Island,"66,390","4,209","62,851","2,889","57,633","3,360","60,771","4,147","59,365","4,060","60,935","2,250","59,969","2,739","53,558","2,494","58,164","1,949","59,137","1,656","60,765","2,738","64,248","2,191","65,492","2,222","62,265","1,832","62,359","2,565","59,736","1,669","57,958","1,196","63,460","1,592","60,234","1,453","63,048","2,922","61,326","4,005","53,160","3,414","57,726","1,617","56,656","2,200","52,391","2,168","56,133","2,591","52,264","2,461","54,275","1,920","58,315","2,143","57,660","2,592","59,618","3,164","58,563","2,981","56,826","2,270","53,649","1,961","48,701","1,911"
South Carolina,"54,971","2,078","55,505","3,221","47,968","2,345","46,567","2,326","45,916","2,517","46,112","3,130","47,493","2,307","43,783","1,859","46,982","1,645","47,073","1,275","48,112","1,279","52,400","1,841","48,284","1,642","50,621","1,515","50,333","1,328","51,410","1,498","51,666","1,672","52,375","1,420","53,629","1,338","53,813","2,550","50,144","1,975","52,343","2,458","54,103","2,193","46,581","2,243","48,975","1,869","43,643","1,608","47,363","2,463","48,338","2,001","52,417","2,523","45,552","2,027","51,009","2,297","51,850","2,351","47,037","1,850","43,651","1,878","45,765","2,105"
South Dakota,"56,894","3,633","58,685","3,141","56,975","2,694","54,987","3,671","56,298","3,075","57,394","3,194","52,856","1,824","51,581","2,345","51,099","2,304","52,485","1,476","58,892","1,136","55,013","1,067","55,365","2,000","54,296","1,723","53,476","1,294","52,803","1,341","51,749","1,302","55,060","1,188","52,066",981,"52,878","1,393","49,419","1,527","45,364","1,749","46,083","1,565","47,393","2,580","48,789","1,944","46,464","1,742","45,098","1,149","43,368","1,373","44,821","1,565","46,145","1,912","44,539","1,404","43,782","1,236","42,605","1,422","39,525","1,529","43,737","2,091"
Tennessee,"55,240","2,162","52,448","1,417","48,971","1,767","45,310","2,411","45,703","3,621","44,795","3,092","45,989","2,575","46,181","2,792","43,481","1,416","46,404","1,132","45,313","1,382","48,823","1,323","49,595",920,"49,584","1,499","49,528","1,375","50,133","1,578","50,597","1,518","49,664","1,098","48,670","1,328","53,902","1,933","51,386","1,970","46,803","2,075","48,055","1,697","46,491","2,032","46,994","1,687","42,050","1,392","41,764","1,568","43,040","1,611","41,211","1,585","43,280","2,498","41,666","2,032","43,840","1,646","39,089","1,893","38,732","1,214","37,817","1,298"
Texas,"59,295","1,702","59,396","1,437","58,432","1,334","55,839","1,393","54,183","1,433","55,891","1,700","55,542","1,016","53,573","1,259","53,255","1,306","54,373",851,"53,060",769,"54,580",830,"52,781","1,009","52,120",528,"53,853",714,"52,468","1,018","54,859",769,"56,711",711,"55,112","1,121","57,099","1,505","53,936",998,"53,585","1,344","51,617","1,191","51,336","1,016","50,466","1,075","48,123","1,027","48,007","1,089","48,813","1,102","51,492","1,306","49,548","1,070","49,871","1,163","51,171","1,319","51,735","1,101","51,727","1,190","51,883","1,201"
Utah,"71,319","2,250","68,932","2,285","68,556","2,547","65,694","3,349","64,344","1,637","66,368","4,360","62,403","3,149","60,614","1,812","63,886","2,211","66,990","1,819","71,375","1,742","63,440","1,444","66,579","2,037","68,970","1,640","66,178","1,206","65,834","1,205","65,397","1,566","65,707","2,222","67,875","1,486","67,964","2,384","66,772","2,073","65,348","2,727","57,807","2,076","58,452","1,473","58,607","1,708","59,948","2,081","58,823","1,966","49,311","2,392","54,984","1,857","58,796","1,941","52,568","1,816","54,914","2,472","56,272","1,734","54,984","1,529","51,957","1,656"
Vermont,"63,805","3,133","62,145","1,393","61,557","2,713","62,922","3,211","69,052","4,230","57,804","3,142","59,452","3,241","56,648","2,192","63,015","2,532","59,920","1,647","57,872","1,121","56,165","1,657","63,353","1,543","63,800","1,647","61,570","1,652","57,799","1,305","58,753","1,134","56,619","1,310","56,518","1,315","61,373","2,077","59,346","2,398","53,551","2,638","50,503","1,951","54,196","1,990","58,748","3,128","52,039","1,601","56,254","2,289","51,316","2,151","56,728","2,428","59,902","2,174","57,912","2,152","52,608","2,844","52,670","2,148","56,645","2,052","50,878","2,215"
Virginia,"71,293","3,276","67,880","2,488","63,618","2,524","68,567","3,053","69,467","2,888","71,272","2,679","69,132","2,317","68,394","1,937","68,017","2,214","69,292","1,366","70,745","1,651","70,115","1,618","69,615","1,940","65,322","1,491","66,529","1,452","73,193","2,088","67,815","1,763","69,731","1,593","67,322","1,520","67,437","2,612","65,348","3,309","65,626","2,898","61,198","2,277","58,039","2,229","61,775","2,512","61,032","2,323","65,602","2,334","63,605","2,352","63,979","1,912","65,305","2,306","65,224","2,635","62,090","2,097","63,625","2,300","61,936","2,885","59,772","1,970"
Washington,"75,418","3,307","71,822","2,137","69,575","3,366","61,222","2,275","67,375","3,569","63,353","2,317","66,517","2,406","62,096","2,166","63,280","2,321","69,167","1,373","64,634","2,307","68,834","2,057","66,695","1,516","63,727","1,315","64,944","1,389","63,473","1,864","61,738","1,317","58,973","1,754","60,702","1,729","67,113","3,070","71,478","2,079","68,078","2,620","57,242","2,510","56,991","2,006","55,025","1,953","59,728","1,861","58,220","2,142","59,791","2,086","58,577","2,260","61,177","2,818","64,582","2,058","56,549","2,294","57,557","2,034","52,287","1,647","56,374","1,855"
West Virginia,"45,392","1,485","45,308","2,037","44,309","3,241","40,994","2,275","45,395","3,641","42,415","2,835","46,586","2,967","45,680","1,929","48,198","2,837","46,373","1,046","43,363","1,602","49,885","1,172","46,824","1,480","45,858","1,354","43,415","1,526","43,773","1,327","40,116",955,"41,184",935,"41,982",921,"43,239","1,696","40,251","1,176","41,994","2,009","39,404","2,031","39,865","1,394","38,666","1,997","37,559","1,643","34,814","1,532","40,741","1,616","40,381","2,083","41,492","1,614","38,663","1,858","35,618","1,610","35,252","1,938","34,821","1,804","37,955","1,370"
Wisconsin,"63,451","3,673","61,103","1,885","57,347","1,539","60,198","2,233","54,520","2,771","58,243","2,464","56,775","1,828","56,862","2,258","56,731","1,617","58,682",923,"58,436",972,"60,771","1,233","63,001","1,397","56,182","1,482","59,493","1,739","61,818","1,307","62,721","1,293","62,937","1,559","64,360","1,359","67,399","2,772","62,292","1,916","60,490","1,757","62,431","2,778","65,623","2,112","58,068","2,087","53,214","2,245","57,204","1,884","54,798","1,792","56,022","1,636","55,744","2,373","59,085","1,954","54,583","2,919","56,591","1,719","50,645","2,529","46,743","1,850"
Wyoming,"57,837","3,134","59,073","3,189","63,038","2,094","57,721","2,093","71,084","4,203","58,709","3,339","61,517","3,016","59,539","2,487","58,816","2,457","60,094","2,441","60,875","1,800","57,769","1,615","57,332","1,832","56,268","1,897","59,057","1,491","56,855","1,336","54,332","1,334","55,127","1,618","56,568","1,507","54,974","1,897","53,133","1,984","51,061","2,201","48,310","1,339","50,519","1,820","54,380","3,032","49,320","1,955","51,881","2,439","51,131","2,432","53,740","1,808","56,506","2,467","52,780","2,188","57,110","3,018","50,444","1,848","48,106","2,285","53,668","1,647"
